,cpu (pandas + cvxpy),equal-weight 1/N
2016-12-30,0.999,0.999
2017-01-02,1.0106442151801873,1.012251133545668
2017-01-03,0.9856154283328089,0.9957997688265855
2017-01-04,0.9815108328293599,0.9908872697224916
2017-01-05,0.9663348521307779,0.9797515532911859
2017-01-06,0.9840563381298071,0.9849362578336848
2017-01-09,0.9658288225161418,0.9767036138549902
2017-01-10,0.976481968894124,0.9858252770539429
2017-01-11,0.9836608764305089,0.9801176658065336
2017-01-12,0.975949933921152,0.977380934027886
2017-01-13,0.9930520032777128,0.9871576323391631
2017-01-16,1.007580948747559,1.000277542089385
2017-01-17,1.0096190751113214,0.9931004310982785
2017-01-18,1.0114713013251686,0.9986836109967954
2017-01-19,1.0142168659318307,1.0086851267818882
2017-01-20,1.019238564645355,1.015480361885089
2017-01-23,1.0452629480632827,1.031166112309452
2017-01-24,1.0073996409858486,1.0101995255109233
2017-01-25,1.0264444223350582,1.0192283197578793
2017-01-26,1.0625405024936323,1.0394860239751014
2017-01-27,1.071021103926659,1.048397952937309
2017-01-30,1.0932338718929009,1.0610449323522346
2017-01-31,1.0708276551381972,1.0494882791561695
2017-02-01,1.088489406036311,1.0660129741728346
2017-02-02,1.0753035107842863,1.0599484089250124
2017-02-03,1.049404963645101,1.0466847759468039
2017-02-06,1.0700762391071348,1.0636912012364796
2017-02-07,1.1106078734594491,1.0920422974071464
2017-02-08,1.1107095598498484,1.0953615683496718
2017-02-09,1.0850914996889682,1.0775405369318263
2017-02-10,1.0920813109586371,1.0854003304420048
2017-02-13,1.075817748124588,1.0762920643309153
2017-02-14,1.085347865909199,1.082306279794136
2017-02-15,1.0961203066059826,1.0922848842855997
2017-02-16,1.1007952489169848,1.0983091656909816
2017-02-17,1.143286322237044,1.1266933437703233
2017-02-20,1.143822375211383,1.1320276864497263
2017-02-21,1.1813382286649066,1.1565461192471067
2017-02-22,1.1286288179695498,1.1244891820768608
2017-02-23,1.1379480745599546,1.1229551623434821
2017-02-24,1.1503986345073982,1.1323273689757054
2017-02-27,1.1663106229079918,1.1396347969206657
2017-02-28,1.180082752034163,1.1512040519807192
2017-03-01,1.2127462826035682,1.1807354695086485
2017-03-02,1.2196368881292727,1.18004514054857
2017-03-03,1.2294103458075205,1.1874594736079198
2017-03-06,1.2044522646301516,1.16364090392747
2017-03-07,1.1984318417848754,1.1545760234532718
2017-03-08,1.21124005329464,1.1656993413296097
2017-03-09,1.1871076437893378,1.1518466915552434
2017-03-10,1.1542523671385159,1.1246275223610722
2017-03-13,1.1837145932702358,1.1405465013956615
2017-03-14,1.1529485990118025,1.1178455358795647
2017-03-15,1.1521524344437009,1.1229157654520905
2017-03-16,1.1447741639724351,1.1173606963955571
2017-03-17,1.1363439559179216,1.1123919440704364
2017-03-20,1.1331181102757932,1.108335355178487
2017-03-21,1.1363451434360612,1.1099580741628383
2017-03-22,1.122719289096279,1.1095400787216252
2017-03-23,1.1166268304643845,1.1003319644908844
2017-03-24,1.116741544162376,1.1012977274613878
2017-03-27,1.1247728019701257,1.1157398591064438
2017-03-28,1.1004546603303158,1.1110196666975425
2017-03-29,1.1056913391445333,1.107438663362558
2017-03-30,1.1110443946487893,1.1097755162646026
2017-03-31,1.1298033937755998,1.1175216133646628
2017-04-03,1.1207299121068512,1.1115119957203752
2017-04-04,1.1198408011229959,1.1039527855048434
2017-04-05,1.1081788064278737,1.0916845930355727
2017-04-06,1.1425574373428589,1.1142909315377034
2017-04-07,1.1469486822625181,1.1160185104337084
2017-04-10,1.151111154982266,1.1168107297437715
2017-04-11,1.1285076409786325,1.1049064596549745
2017-04-12,1.1369201452687017,1.1028717954005558
2017-04-13,1.1234096904007491,1.0972211635885631
2017-04-14,1.132134938168464,1.0983560745803038
2017-04-17,1.1253100794120712,1.0988508419067635
2017-04-18,1.1420467377806294,1.1121219535458409
2017-04-19,1.144960076708313,1.1143862619596152
2017-04-20,1.1753876390018994,1.128105020791176
2017-04-21,1.1639056693700598,1.1240407032909543
2017-04-24,1.149718179406229,1.1264864420567429
2017-04-25,1.139300992581965,1.1113576531974598
2017-04-26,1.1391185261647425,1.1140547560752914
2017-04-27,1.155186813224133,1.1221443962842763
2017-04-28,1.1516450072822744,1.1197910073832262
2017-05-01,1.172974423131975,1.1352291670697876
2017-05-02,1.1830193082809553,1.1338903102362898
2017-05-03,1.2136341274840816,1.1499674406282054
2017-05-04,1.1738845408686394,1.1259791928538083
2017-05-05,1.1714689095336603,1.1210414099962693
2017-05-08,1.1866016106738817,1.131255108093079
2017-05-09,1.1683665575285795,1.1216059199532895
2017-05-10,1.180521637214691,1.1280450374467117
2017-05-11,1.1668305224842799,1.1187070807101749
2017-05-12,1.1547469230305514,1.1204147010525696
2017-05-15,1.1924409406243601,1.1410821620843483
2017-05-16,1.2155613113391246,1.1548581393302382
2017-05-17,1.2162548914904616,1.1584482756563015
2017-05-18,1.2127616393524445,1.1569788394216323
2017-05-19,1.2328923954416002,1.1572452621220979
2017-05-22,1.237426285337922,1.1546833092697335
2017-05-23,1.2579489847670102,1.1681111718875319
2017-05-24,1.2704301827689588,1.178558578439283
2017-05-25,1.2995811118974858,1.1966230664188044
2017-05-26,1.3013787518792832,1.19884892027352
2017-05-29,1.2943011573909569,1.2012647523248794
2017-05-30,1.2873728800141693,1.1901486628065852
2017-05-31,1.2879291031572762,1.1960990761332322
2017-06-01,1.2557339817194832,1.1770990697203214
2017-06-02,1.2457828222102871,1.1683626998143049
2017-06-05,1.2109419735250153,1.1499872803869657
2017-06-06,1.1977080546381227,1.1377690151710167
2017-06-07,1.2086809545105976,1.148391941117777
2017-06-08,1.2048988001676415,1.1419115094075871
2017-06-09,1.2071260061298457,1.132874903117738
2017-06-12,1.2113175931578846,1.131370959049215
2017-06-13,1.1983284141318367,1.1222187981844731
2017-06-14,1.166380744511752,1.1044375187310056
2017-06-15,1.179821871678966,1.1070486636478192
2017-06-16,1.1497227175698426,1.0815317019238806
2017-06-19,1.134297784202331,1.0704695489263338
2017-06-20,1.1365879490369848,1.0698215252320031
2017-06-21,1.1592724015264506,1.080426817159644
2017-06-22,1.1710430556403777,1.0774506131796588
2017-06-23,1.1788064719531746,1.0787073996582894
2017-06-26,1.1585782899351564,1.0663218583788083
2017-06-27,1.124229118424304,1.0528677028361855
2017-06-28,1.1019085602814083,1.0401575006691237
2017-06-29,1.0930380333961303,1.0401532330047536
2017-06-30,1.0799433024093112,1.0338367466124656
2017-07-03,1.063416134227504,1.0274819003613378
2017-07-04,1.040483697294036,1.0136058227782647
2017-07-05,1.0406668239648416,1.0115886473319404
2017-07-06,1.0240076239482507,1.0069195856037143
2017-07-07,1.0448201976028821,1.0195262896679929
2017-07-10,1.0398228506907168,1.0123488395583378
2017-07-11,1.0142885174008869,0.9970193402033298
2017-07-12,0.9988673428155427,0.9881337453294252
2017-07-13,1.0011693412834075,0.9833706048070359
2017-07-14,0.9886861828298033,0.9796580943833828
2017-07-17,0.9788271817304973,0.9764725366164858
2017-07-18,0.9786810923589151,0.9738057889662215
2017-07-19,0.9766813113436582,0.966754714994202
2017-07-20,0.9574243355585521,0.9581910987284513
2017-07-21,0.9659074269476084,0.9656138449351794
2017-07-24,0.9676376997923121,0.9599406585186566
2017-07-25,0.9942492846170498,0.969266430865705
2017-07-26,0.9875158108276691,0.9636464527944281
2017-07-27,0.9759256926810455,0.9604531807693272
2017-07-28,1.0018562371303217,0.9653586731669385
2017-07-31,1.014324117202445,0.9802467286514521
2017-08-01,1.0249795456675048,0.986081979719149
2017-08-02,1.0408309690855801,0.9997369419278075
2017-08-03,1.0343458449296126,1.0059208271634796
2017-08-04,1.014605817125827,0.9940918886850638
2017-08-07,1.038844568130717,1.0084807200895691
2017-08-08,1.038034523410539,1.0016024202005298
2017-08-09,1.0498552645777794,1.008345582330595
2017-08-10,1.0658993768716418,1.0188316402936652
2017-08-11,1.0445381107698521,1.0108628717082495
2017-08-14,1.0381710404616338,1.007995727321687
2017-08-15,1.0509678232837214,1.0129948411890917
2017-08-16,1.0632160728357116,1.0175041891532501
2017-08-17,1.0443706643264439,1.005601519310324
2017-08-18,1.0454834326813105,1.0103092519727155
2017-08-21,1.0590030975491664,1.018915683181637
2017-08-22,1.046798050966076,1.0183713448369878
2017-08-23,1.0507466670691237,1.0201578081006677
2017-08-24,1.0296978020087315,1.0061310158394687
2017-08-25,1.0183381308359192,0.9940546011683296
2017-08-28,1.0236618472153236,1.0032234498037003
2017-08-29,1.0152466029444136,0.9937980055586174
2017-08-30,1.0088658834497441,1.0053134320683335
2017-08-31,1.0184644789410382,1.0109904631578088
2017-09-01,1.0226891124479207,1.0167194780203195
2017-09-04,0.9954884020468892,0.9906644644896332
2017-09-05,0.9801961184193534,0.9802581988815923
2017-09-06,0.9846265635192805,0.9782476851748386
2017-09-07,0.9884089621096441,0.975008485448939
2017-09-08,1.0137258165973926,0.9924054527459687
2017-09-11,1.0174264688684138,0.9894263020366331
2017-09-12,1.0198342335547923,0.9890789216839113
2017-09-13,1.0339493858104476,0.9962617920503534
2017-09-14,1.04080161365485,0.9889168480288801
2017-09-15,1.065585120898955,1.003178252142261
2017-09-18,1.0515427763849339,0.9882155507694168
2017-09-19,1.0615316287993628,0.9939864531399458
2017-09-20,1.0415966327742228,0.9879258523436304
2017-09-21,1.0449179238953736,0.9870730285899143
2017-09-22,1.0240993477459919,0.9707859129806583
2017-09-25,1.0353386172087045,0.9757445862120413
2017-09-26,1.0510593827639854,0.9874520517615223
2017-09-27,1.06520916976681,0.9988524876709665
2017-09-28,1.0594113431454206,1.0042343181704383
2017-09-29,1.071219108163218,1.0054983171848324
2017-10-02,1.0750086503272422,1.007275047866024
2017-10-03,1.0581690080425115,1.0012657825593807
2017-10-04,1.053955063311483,1.0038099775025815
2017-10-05,1.0798230859597053,1.0145421001384007
2017-10-06,1.070205683313451,1.006553204637419
2017-10-09,1.05755295968105,1.0121231527454617
2017-10-10,1.067437864005535,1.0019535314660384
2017-10-11,1.0598071333209147,0.9981732130610559
2017-10-12,1.0557885342750608,0.9856683475340428
2017-10-13,1.0589962306192269,0.9939533999670361
2017-10-16,1.0251826227243437,0.9703052004427136
2017-10-17,1.0460536955649307,0.9765835344631254
2017-10-18,1.0258025075358779,0.962129677575749
2017-10-19,0.987820557871065,0.9579635732424848
2017-10-20,0.9896599862382356,0.961801456586851
2017-10-23,0.9861035464813126,0.9639422895676091
2017-10-24,0.9840427567040956,0.9585294689931552
2017-10-25,0.9848848256170637,0.9503854126456697
2017-10-26,0.9982393797879208,0.9493595586217083
2017-10-27,1.0067706570420594,0.9444858087915926
2017-10-30,1.0058666164597845,0.9435314085935044
2017-10-31,0.9894675653756073,0.9427791243133062
2017-11-01,0.9978954099530271,0.9321681911200846
2017-11-02,0.9919512711804568,0.9402675194533785
2017-11-03,0.9958388546947473,0.9462242738969057
2017-11-06,1.0055680893678511,0.9599116102593864
2017-11-07,1.002922578111809,0.9542157835730687
2017-11-08,0.9805945143036026,0.9421555481739496
2017-11-09,0.9943773042762012,0.9439231791892044
2017-11-10,0.9724552885586356,0.9404045770317921
2017-11-13,0.9571781459216439,0.9184949005284194
2017-11-14,0.9236887138445092,0.901323566126585
2017-11-15,0.895961482293872,0.8863269220355647
2017-11-16,0.883241832278912,0.8895591973656883
2017-11-17,0.8928091299425419,0.8897267728811845
2017-11-20,0.9447349471474136,0.9137560523568601
2017-11-21,0.9392696917810012,0.9121057607953273
2017-11-22,0.9320486707815118,0.9115337477345671
2017-11-23,0.9311135338358556,0.9027623288127212
2017-11-24,0.9413302009275633,0.8987439455351539
2017-11-27,0.9562934426242355,0.9063812781802578
2017-11-28,0.9706902736158284,0.9128010073638689
2017-11-29,0.9941721800579579,0.9232685412352923
2017-11-30,0.9928498081753552,0.9308368060597207
2017-12-01,0.9719741988358143,0.9282153938368966
2017-12-04,0.9824870955513795,0.9298860831871305
2017-12-05,0.9855401700366936,0.938128568808885
2017-12-06,1.0332500945945178,0.9587408166157532
2017-12-07,1.0499885962857816,0.975815976097388
2017-12-08,1.0724884326904671,0.9966090090955817
2017-12-11,1.0551314035118318,0.9893717746182165
2017-12-12,1.088331525886134,1.0064008341031516
2017-12-13,1.1035199706667613,1.0034828362134824
2017-12-14,1.127357808584031,1.0156848211614322
2017-12-15,1.1381824506714575,1.0168909758205609
2017-12-18,1.116059234791819,1.0180042912373066
2017-12-19,1.0945121810811547,1.0132978582800252
2017-12-20,1.0756190771989704,1.003773095816765
2017-12-21,1.059644868415851,0.9944176284784668
2017-12-22,1.054351954980406,0.9873702441839716
2017-12-25,1.065099265674822,0.9993483842737433
2017-12-26,1.09204343443031,1.037710411737904
2017-12-27,1.0900002329296108,1.0547279745955227
2017-12-28,1.0832933687057216,1.047980462724876
2017-12-29,1.0722774625738931,1.0478583681961227
2018-01-01,1.062465649305237,1.0508778046691802
2018-01-02,1.0700221679688495,1.0688320340221709
2018-01-03,1.0634159578812152,1.0717624172073734
2018-01-04,1.0726627825937767,1.07073966542362
2018-01-05,1.0604708734802535,1.0707361196759129
2018-01-08,1.0599474954717647,1.0804319415019614
2018-01-09,1.0503146951295677,1.063378138694447
2018-01-10,1.0595523022731461,1.068798679010824
2018-01-11,1.0520908328520224,1.0543845139707835
2018-01-12,1.0268605370752162,1.0433187043507741
2018-01-15,1.0340473197380369,1.0567553952111424
2018-01-16,1.053500133155116,1.0666368119565965
2018-01-17,1.071888689176033,1.0850454173439652
2018-01-18,1.0693897186321295,1.0887274186504885
2018-01-19,1.0616154462532759,1.0848195996809786
2018-01-22,1.0441899671110266,1.0827727872909687
2018-01-23,1.1074692464382456,1.127030388901701
2018-01-24,1.0631471145640459,1.0979808809717357
2018-01-25,1.0633240045944072,1.1070265303586095
2018-01-26,1.0697596092569575,1.1267613390837576
2018-01-29,1.0793482072430356,1.1197344753727028
2018-01-30,1.094210545034171,1.1251019020791104
2018-01-31,1.0910687433277364,1.1118514417355767
2018-02-01,1.0790415805738778,1.1096781074113378
2018-02-02,1.0475535419561925,1.0911017275805241
2018-02-05,1.0350387325187003,1.0796516194946493
2018-02-06,1.0285242390537,1.0707412829017366
2018-02-07,1.0230264659813417,1.0707856899922208
2018-02-08,1.0581515433639785,1.0830360329929356
2018-02-09,1.078112720910195,1.1039046522249958
2018-02-12,1.0757950843264577,1.098480517880304
2018-02-13,1.0786033139631601,1.0904662070679443
2018-02-14,1.0907391521972616,1.1084048727636153
2018-02-15,1.103687529065894,1.117135531131354
2018-02-16,1.1019763799716795,1.10644283808223
2018-02-19,1.1196984804061225,1.1201036018605741
2018-02-20,1.1122344533954203,1.1095240445689682
2018-02-21,1.1199069477264867,1.1091297274501266
2018-02-22,1.1084844595297934,1.096046693085178
2018-02-23,1.0927706496690293,1.0908318920818414
2018-02-26,1.0727487690233393,1.083018385377186
2018-02-27,1.0877895545286054,1.0964480089970212
2018-02-28,1.1215903771178162,1.1355134506587192
2018-03-01,1.1109395785687617,1.133244331058232
2018-03-02,1.1159625200419352,1.1390203898291793
2018-03-05,1.1205242143638199,1.144805048750116
2018-03-06,1.127721180261468,1.1470332936023442
2018-03-07,1.1086090957381312,1.139998955985393
2018-03-08,1.1161837362168932,1.1403949147858403
2018-03-09,1.1145174394682114,1.1414679173951623
2018-03-12,1.1024274382134391,1.134890078605733
2018-03-13,1.1184645172918048,1.1589113666942048
2018-03-14,1.1313163749217416,1.1536313548945387
2018-03-15,1.1464924814777773,1.1677181745014786
2018-03-16,1.1419652917068661,1.1672831453151955
2018-03-19,1.1785379189511984,1.1888464101991987
2018-03-20,1.1638330845911469,1.1854126379086358
2018-03-21,1.1774308540488043,1.184272981802534
2018-03-22,1.175557175543689,1.1829943972797168
2018-03-23,1.1774505049195796,1.1976244248370407
2018-03-26,1.1563359278633965,1.1892489013121466
2018-03-27,1.1419476415455798,1.178529456485842
2018-03-28,1.14048595886053,1.197130440927236
2018-03-29,1.1557932846749428,1.211538050354085
2018-03-30,1.1494247084128197,1.2129235634365074
2018-04-02,1.114613521946478,1.1813610676276556
2018-04-03,1.1014053424778505,1.1751155308471544
2018-04-04,1.0810832038979823,1.1583765825870347
2018-04-05,1.0549611343442402,1.1459939047914984
2018-04-06,1.0647205224433216,1.1449569888455238
2018-04-09,1.0593517254858194,1.143881681891873
2018-04-10,1.0737476294212305,1.1577976742277907
2018-04-11,1.0822283446975804,1.1623340220607905
2018-04-12,1.0960925662026582,1.1716898686445074
2018-04-13,1.112122296040044,1.2010357113258237
2018-04-16,1.097840326089482,1.1982273100882015
2018-04-17,1.0946496994189199,1.2066150407987974
2018-04-18,1.1159595846565478,1.2074580886631294
2018-04-19,1.1003077094946405,1.1926981749131849
2018-04-20,1.0930427450888462,1.1869490835642609
2018-04-23,1.1008599735641862,1.1912961341291295
2018-04-24,1.0836075521902937,1.1669694053957922
2018-04-25,1.0904764635508122,1.157833747385638
2018-04-26,1.0700158539579951,1.1456418489967455
2018-04-27,1.0621358919158135,1.1389084401532743
2018-04-30,1.0617240776374774,1.1416838110813143
2018-05-01,1.0612537479196513,1.1437765201354306
2018-05-02,1.0648981928101082,1.1606856301802135
2018-05-03,1.0522860467097543,1.1516451471356361
2018-05-04,1.0489551767427983,1.1482769280869272
2018-05-07,1.0647890278036036,1.1647269460234917
2018-05-08,1.0643116131482024,1.1580901336788831
2018-05-09,1.0787720587442624,1.1661303010956896
2018-05-10,1.0493394485464524,1.1440043561369908
2018-05-11,1.0482589673197642,1.1538164001999507
2018-05-14,1.0787576727408592,1.1812947010802626
2018-05-15,1.0788784313111204,1.1805322555267146
2018-05-16,1.0573629969221006,1.1687458258829218
2018-05-17,1.0418132002335674,1.1627218446129963
2018-05-18,1.0862737074033408,1.1934663306632323
2018-05-21,1.0781698019143258,1.1680717282240631
2018-05-22,1.0628821318859898,1.1605725948809293
2018-05-23,1.0827827389223135,1.1664709715478765
2018-05-24,1.094364207195672,1.1857095578785652
2018-05-25,1.1052005944680254,1.1781841616602402
2018-05-28,1.1299147578255382,1.1987150357075635
2018-05-29,1.1379504253415782,1.1971607345819615
2018-05-30,1.1325389500776575,1.1953542790911615
2018-05-31,1.1218084678376132,1.1844358391103456
2018-06-01,1.1029299857802064,1.1725885337540893
2018-06-04,1.0941542636293522,1.1622424972139511
2018-06-05,1.08109125828212,1.1715431008615333
2018-06-06,1.1061704707471223,1.1755604819488745
2018-06-07,1.1054351967326717,1.1678185753634467
2018-06-08,1.107425203892832,1.1662653595456556
2018-06-11,1.1066524919418927,1.1706174019225202
2018-06-12,1.101397039475354,1.1666805012744466
2018-06-13,1.111565316153794,1.163224089431676
2018-06-14,1.098321704823155,1.1599526658328732
2018-06-15,1.0788091511088551,1.1337357088392246
2018-06-18,1.090092973517066,1.1454714130092074
2018-06-19,1.0874355228799186,1.1379091405342545
2018-06-20,1.1104528500052373,1.1546430081925818
2018-06-21,1.101869778849887,1.153189901958412
2018-06-22,1.0947841148748252,1.1531997773127194
2018-06-25,1.0815492379318037,1.1399717009633492
2018-06-26,1.1017925648041038,1.1460474974199157
2018-06-27,1.1005894770791436,1.156999948029567
2018-06-28,1.07636905827155,1.1414694236020013
2018-06-29,1.0828266784644909,1.1466362931038048
2018-07-02,1.0950052509988508,1.1667174915718526
2018-07-03,1.0627011583157528,1.1290408937664616
2018-07-04,1.067358175523861,1.1335393699351717
2018-07-05,1.0475125681497148,1.1146261869818737
2018-07-06,1.0427636318202884,1.1138998240987439
2018-07-09,1.03899869376374,1.1073788944535605
2018-07-10,1.0598607073656203,1.1220439997842369
2018-07-11,1.0706600625380507,1.1430604119184347
2018-07-12,1.0577441828068674,1.1249851241609659
2018-07-13,1.0571035037850047,1.1298153733718856
2018-07-16,1.0449494806816735,1.1204653303432623
2018-07-17,1.0421283839254003,1.1060855036057657
2018-07-18,1.0703097772401713,1.140370608563101
2018-07-19,1.0867593180163397,1.1568349551430388
2018-07-20,1.114732013851012,1.180988814033034
2018-07-23,1.108550527672898,1.1702091758096314
2018-07-24,1.133791780061351,1.1778249779050391
2018-07-25,1.1194473366723976,1.1691624816327286
2018-07-26,1.1573228962092177,1.195974894909009
2018-07-27,1.154125391875937,1.1945797619552918
2018-07-30,1.1323650370733938,1.18081907942095
2018-07-31,1.14372099155342,1.1862730992325434
2018-08-01,1.1498006454256455,1.195997769573468
2018-08-02,1.1405959888038244,1.19281941617327
2018-08-03,1.1556527199637767,1.2135615242064623
2018-08-06,1.1568935275354721,1.2001924032579796
2018-08-07,1.1937063547308797,1.2293283753988713
2018-08-08,1.197045488536575,1.2336844280137544
2018-08-09,1.1952389634620237,1.23696349503924
2018-08-10,1.1944803360460012,1.2365964220443535
2018-08-13,1.1776531411877509,1.231630889963134
2018-08-14,1.1930404501510234,1.2459201490179213
2018-08-15,1.176347721729425,1.2310477850486257
2018-08-16,1.185488151214924,1.2483111115617875
2018-08-17,1.1973831698747561,1.2490670068756085
2018-08-20,1.1890601938103293,1.2454774455428297
2018-08-21,1.1831226210818317,1.2461047510801795
2018-08-22,1.1772729186132667,1.2283032145581836
2018-08-23,1.1945928205917662,1.2532533207977539
2018-08-24,1.2076424889804955,1.2617981785321197
2018-08-27,1.1901927757231157,1.2488345456426961
2018-08-28,1.1745724678041307,1.2419515976813642
2018-08-29,1.174564202478032,1.2357360725811077
2018-08-30,1.1860137089437879,1.2527511877768596
2018-08-31,1.196166342031615,1.2611995195386032
2018-09-03,1.2182202806735012,1.2714351409619458
2018-09-04,1.2209060333906505,1.2861927527751493
2018-09-05,1.2151275915673367,1.2889357354082287
2018-09-06,1.1930347986766292,1.2832581611644498
2018-09-07,1.2177767987144406,1.2859525957920996
2018-09-10,1.2299742401238172,1.2827339916592855
2018-09-11,1.232204409838898,1.2883195856944802
2018-09-12,1.2441598324661414,1.294617867470402
2018-09-13,1.2575596352799487,1.3098370242547352
2018-09-14,1.2640762212519299,1.3087913422478532
2018-09-17,1.26501735675526,1.318184807723346
2018-09-18,1.2632228276102853,1.3271960872580575
2018-09-19,1.2538116467294693,1.3254803913743427
2018-09-20,1.2654144631475455,1.3152237534792044
2018-09-21,1.2703522386600394,1.318669672569087
2018-09-24,1.273166221284764,1.3297143481200941
2018-09-25,1.2618966744774511,1.3269933882921516
2018-09-26,1.2350508385252539,1.3013303931476112
2018-09-27,1.2446882861541193,1.3136285130733933
2018-09-28,1.2590065750484587,1.3240505255286803
2018-10-01,1.2591306734407102,1.3230949708517181
2018-10-02,1.2760041990020448,1.3464026646808234
2018-10-03,1.3128472886510965,1.3647824252153653
2018-10-04,1.2996442221533324,1.3515887933015438
2018-10-05,1.3155639302328084,1.3710322002814936
2018-10-08,1.3188724997826249,1.3850199408486694
2018-10-09,1.3182722253264925,1.3861760254007587
2018-10-10,1.289756690934324,1.3706692367806694
2018-10-11,1.3028129401602748,1.3878421602660216
2018-10-12,1.2857472508812657,1.3589344699098778
2018-10-15,1.306983115131644,1.3806186009181658
2018-10-16,1.3186765746175333,1.3832653842647766
2018-10-17,1.2915738769290648,1.356252000200073
2018-10-18,1.2832629227975363,1.349096384735197
2018-10-19,1.2818546816781387,1.3503497536747613
2018-10-22,1.254015275097093,1.322970831997522
2018-10-23,1.2509924144067615,1.3302451350739037
2018-10-24,1.2491256664492487,1.3279074107097517
2018-10-25,1.2570688860302792,1.336461258227136
2018-10-26,1.2530464707525735,1.3445969962081978
2018-10-29,1.2630263000556212,1.3408060065416538
2018-10-30,1.2672453339824186,1.3392376184721153
2018-10-31,1.2390654406242956,1.3191486307697682
2018-11-01,1.248449084071678,1.3113458798605813
2018-11-02,1.2452430205279055,1.3162262998866736
2018-11-05,1.2341764083359106,1.3190570411253686
2018-11-06,1.254888180978404,1.3277921643410953
2018-11-07,1.2599598184987904,1.3285158565911153
2018-11-08,1.2589644077964814,1.310305416821141
2018-11-09,1.2481429562284183,1.3048393870878796
2018-11-12,1.2673612376530108,1.3273766475943727
2018-11-13,1.2499331789391428,1.321244491226251
2018-11-14,1.254562715599137,1.3191236875920689
2018-11-15,1.291959508589583,1.3485555368374622
2018-11-16,1.2994562748181222,1.3574172729043263
2018-11-19,1.3128881724528672,1.3722668804214546
2018-11-20,1.3430602419211601,1.3944667825661192
2018-11-21,1.3526417590129496,1.4148393211283987
2018-11-22,1.3526454875514515,1.410083673687795
2018-11-23,1.3698376173541151,1.4214345280693172
2018-11-26,1.3781530071806227,1.4288354041296487
2018-11-27,1.3917001633906332,1.440204749745313
2018-11-28,1.3707723465073902,1.4131470763666656
2018-11-29,1.3954273482874717,1.4284146126341364
2018-11-30,1.3860010136483885,1.4301971470663593
2018-12-03,1.3515091574594282,1.4164921587250368
2018-12-04,1.3333350295154678,1.3961376596505777
2018-12-05,1.3233927183026795,1.3899073470951127
2018-12-06,1.3543652521431746,1.4191074649960567
2018-12-07,1.353742940827412,1.409361816168819
2018-12-10,1.3523010046969093,1.4023726715965397
2018-12-11,1.3346338369745938,1.3932471728810327
2018-12-12,1.3354390375945557,1.3956809788917441
2018-12-13,1.3226047075304024,1.3798158231061872
2018-12-14,1.327103743679448,1.3905412832718778
2018-12-17,1.3328905692966273,1.3934328299007768
2018-12-18,1.3114637448557487,1.3767086856278354
2018-12-19,1.3428203407883434,1.3956222347695482
2018-12-20,1.3495896754206296,1.3985286887396555
2018-12-21,1.3514385263910316,1.4042209900928257
2018-12-24,1.3492124862527364,1.4023809936813678
2018-12-25,1.3578682770008643,1.4123477512624265
2018-12-26,1.3642771409076486,1.4122820966056822
2018-12-27,1.3874262889908189,1.4326314435949405
2018-12-28,1.3567577533245745,1.4235913021425433
2018-12-31,1.3515709778840985,1.4253180122551592
2019-01-01,1.3456278343074608,1.4089830174657951
2019-01-02,1.3679621419197474,1.4420862377508294
2019-01-03,1.4254126543491163,1.4920560716073838
2019-01-04,1.423989726049425,1.4871349227471928
2019-01-07,1.424018508719786,1.4781495886250464
2019-01-08,1.449577267524362,1.4896114849638133
2019-01-09,1.4578062290638893,1.5154357525902824
2019-01-10,1.4470946588437177,1.5069376045128493
2019-01-11,1.409226603134915,1.4907641861162473
2019-01-14,1.3934460817452687,1.4917033413367033
2019-01-15,1.3732892932119931,1.4870592790897639
2019-01-16,1.3916029874765197,1.4872580997597116
2019-01-17,1.4030582104336347,1.5212918134762468
2019-01-18,1.4304516486272643,1.5306868889320793
2019-01-21,1.3963700460707518,1.5116423025127839
2019-01-22,1.4011555889890641,1.5143248424958784
2019-01-23,1.4447053530379765,1.5303989416378152
2019-01-24,1.4735839732803402,1.5534569485452256
2019-01-25,1.4779087733608516,1.5616668623557137
2019-01-28,1.531393900961244,1.5937143285102593
2019-01-29,1.4891842268998108,1.5782001605078793
2019-01-30,1.4777444694903192,1.5737453431789288
2019-01-31,1.4809315333062456,1.583533065234827
2019-02-01,1.4917264118636144,1.598009768595267
2019-02-04,1.4639038148512735,1.5595994950833925
2019-02-05,1.4919020777936587,1.5782109317017388
2019-02-06,1.505488487307133,1.5812148818755694
2019-02-07,1.4715239407091822,1.5592810415405791
2019-02-08,1.4838700260909494,1.5707504345505734
2019-02-11,1.4676754019555944,1.5735773776171786
2019-02-12,1.4463342776947372,1.562419227993995
2019-02-13,1.4387616005564714,1.5732361297120416
2019-02-14,1.431823375121336,1.5640856313704357
2019-02-15,1.374537227540339,1.5173538046598427
2019-02-18,1.374815063395645,1.5227712830702096
2019-02-19,1.3379097522917707,1.510684852656266
2019-02-20,1.338351335221485,1.4992436147417134
2019-02-21,1.3201042318726979,1.4808882303541362
2019-02-22,1.3054629099343924,1.4574556237038898
2019-02-25,1.3135930094853199,1.4697820711311358
2019-02-26,1.3205865439526203,1.4890288011573936
2019-02-27,1.31544668369637,1.4759963750144323
2019-02-28,1.277270452215174,1.4414343979142707
2019-03-01,1.238591080996076,1.4182655163889304
2019-03-04,1.254425739974092,1.4327071202596056
2019-03-05,1.2564538354892458,1.4468209001542653
2019-03-06,1.2548894987072348,1.4455386376830957
2019-03-07,1.2587768827923027,1.4253975492748863
2019-03-08,1.2817941865798452,1.446316339281495
2019-03-11,1.268339319540611,1.4367799700844504
2019-03-12,1.286772247725658,1.461302670207493
2019-03-13,1.294241570801743,1.4597864412760162
2019-03-14,1.2853802907975362,1.4567512948205819
2019-03-15,1.3042650234845714,1.4787060796128362
2019-03-18,1.3084418154625774,1.4543798930909027
2019-03-19,1.3201214367270715,1.4768900340477171
2019-03-20,1.3232378590945826,1.476055827314082
2019-03-21,1.346346819102311,1.4714048383818257
2019-03-22,1.3666481165517237,1.4671652869306915
2019-03-25,1.3592716345025997,1.4699599671412806
2019-03-26,1.3708383289279018,1.4828584958732127
2019-03-27,1.3623537790963511,1.485723660778138
2019-03-28,1.3827883949689357,1.4970211062861722
2019-03-29,1.4225797481192648,1.515166954669042
2019-04-01,1.3827248689169418,1.4949357488855486
2019-04-02,1.3759949020996667,1.4897933111286608
2019-04-03,1.3943831950253274,1.509687853455529
2019-04-04,1.3769781928876963,1.5137809344933753
2019-04-05,1.3546928018794315,1.4939879016416955
2019-04-08,1.3782469213608475,1.506532812366431
2019-04-09,1.4011387460577613,1.5238815023740973
2019-04-10,1.3812024377702434,1.5044432265806333
2019-04-11,1.3739131529761062,1.4964263733198406
2019-04-12,1.3746593077565552,1.4990649697414016
2019-04-15,1.3897359925393271,1.5024269134247423
2019-04-16,1.3765061876206246,1.4888838588074857
2019-04-17,1.3526140977972712,1.4802702253343534
2019-04-18,1.3472364657783982,1.4855489275717149
2019-04-19,1.3741835880647213,1.4974665172566877
2019-04-22,1.3790095748687443,1.4996032094759864
2019-04-23,1.4022603697567462,1.504014766292807
2019-04-24,1.4334769348442193,1.524874158175054
2019-04-25,1.4314975367244727,1.5186274437155896
2019-04-26,1.4359682876472517,1.535631183020695
2019-04-29,1.411224101360102,1.5149567207847123
2019-04-30,1.3700186641226924,1.4851680827847276
2019-05-01,1.3938930692689127,1.4923213187011435
2019-05-02,1.383347390530885,1.468219788385989
2019-05-03,1.393391296380228,1.4675451170976033
2019-05-06,1.374636469030634,1.4485075383710664
2019-05-07,1.4059068562301726,1.4772410603659951
2019-05-08,1.3904472999014106,1.4795218849034182
2019-05-09,1.3511427137557435,1.4637005568996608
2019-05-10,1.3702125942024839,1.4801888228794842
2019-05-13,1.3747486986006607,1.4948463790974174
2019-05-14,1.4085258735061252,1.520817266413086
2019-05-15,1.3953444578014709,1.5274096595401196
2019-05-16,1.402496052123139,1.542571212687222
2019-05-17,1.4113563439478594,1.5431814515432596
2019-05-20,1.4349531212668964,1.558959594234133
2019-05-21,1.4252399783970928,1.5503176441285025
2019-05-22,1.360022557474851,1.5035981054965584
2019-05-23,1.3713138359436015,1.4971277484942087
2019-05-24,1.3968802609728515,1.50493309126706
2019-05-27,1.4001344639680984,1.5036589270341512
2019-05-28,1.434977281560959,1.5360199193131612
2019-05-29,1.4623301641295348,1.540864082534564
2019-05-30,1.469360632375317,1.559861021544114
2019-05-31,1.48062383051658,1.5629059001012064
2019-06-03,1.4791333824705188,1.5582918125589011
2019-06-04,1.4775884161205302,1.5673533020780224
2019-06-05,1.4250561629146739,1.5052453869231706
2019-06-06,1.441790742143915,1.5122001288962705
2019-06-07,1.4356888661208713,1.5092361556147968
2019-06-10,1.4306168444159382,1.5347687504356031
2019-06-11,1.3849998759919566,1.5127566760949285
2019-06-12,1.3806246923684655,1.5275421489722378
2019-06-13,1.4049290129248333,1.5386453826189062
2019-06-14,1.3935414221162248,1.5276370588428247
2019-06-17,1.3734498779456028,1.5234818041619955
2019-06-18,1.3648486974516905,1.5153985174551985
2019-06-19,1.3615544729611406,1.5069478840757482
2019-06-20,1.3585300452727438,1.5027501677733657
2019-06-21,1.352031718618415,1.4889996337373843
2019-06-24,1.3325909243985798,1.4884468130150692
2019-06-25,1.3267314573802413,1.4769685030449735
2019-06-26,1.3496370225269239,1.5044096942725536
2019-06-27,1.3211530680014434,1.473468129263499
2019-06-28,1.3212591945764254,1.47722177031404
2019-07-01,1.348256052100909,1.4876066619324073
2019-07-02,1.3907212428280362,1.5312450189432607
2019-07-03,1.3794378381991388,1.5445681348030222
2019-07-04,1.353598553015321,1.528511974344775
2019-07-05,1.359601336961425,1.5553791793163805
2019-07-08,1.3394196619215595,1.5417244089272197
2019-07-09,1.3543502267173382,1.5578445671727865
2019-07-10,1.340632344550304,1.552710477031976
2019-07-11,1.3136408673636082,1.5366714280072242
2019-07-12,1.2974576717224362,1.5333209355222714
2019-07-15,1.2854273356547647,1.51306727141897
2019-07-16,1.2939774931013432,1.515438578803739
2019-07-17,1.3027610924241335,1.5218548836390888
2019-07-18,1.2993934161280516,1.52933771294814
2019-07-19,1.3016236088411717,1.530771065771058
2019-07-22,1.312501864835303,1.524254326617575
2019-07-23,1.298365861350599,1.5005326896753797
2019-07-24,1.3024196806656716,1.5020135606265959
2019-07-25,1.2781082703445081,1.4871884150025894
2019-07-26,1.2967224859569184,1.498406235633225
2019-07-29,1.2981903723498958,1.4850854786214747
2019-07-30,1.3199064244589294,1.488862147959708
2019-07-31,1.321332677375843,1.4724867040727292
2019-08-01,1.348157992105302,1.4900294765908453
2019-08-02,1.3425807338876,1.4868688633667388
2019-08-05,1.335737974300335,1.4779087497391632
2019-08-06,1.3911983308703664,1.5023624753365583
2019-08-07,1.3696683226174795,1.4825243607162157
2019-08-08,1.3753506887879332,1.4684514906420707
2019-08-09,1.3679525582409129,1.4590964561917976
2019-08-12,1.3561114549506637,1.4506935573631425
2019-08-13,1.3384599229097458,1.4345692307161793
2019-08-14,1.340056532305674,1.4328228429978342
2019-08-15,1.3188469715623428,1.415779801419406
2019-08-16,1.362286184257571,1.4579217709330698
2019-08-19,1.3509439099701177,1.452666079967778
2019-08-20,1.3637742793809033,1.4659135212685188
2019-08-21,1.370647708056235,1.464867035040309
2019-08-22,1.3931473999849207,1.4641593145479364
2019-08-23,1.41439602287978,1.4837927065632404
2019-08-26,1.429133301457179,1.498558852915048
2019-08-27,1.427162542462618,1.4975126720336063
2019-08-28,1.4281232827638648,1.524627958082162
2019-08-29,1.4460477386959785,1.5384845687814082
2019-08-30,1.4478958038836354,1.5482949780760662
2019-09-02,1.4827018873763884,1.5704172176829785
2019-09-03,1.5027528304572138,1.5877715971628208
2019-09-04,1.5075534751318713,1.5942229573585287
2019-09-05,1.5167768395069754,1.5801094467656425
2019-09-06,1.512334794186034,1.5739239060793886
2019-09-09,1.4785396257254197,1.5735259671372925
2019-09-10,1.4587878652369122,1.5537969295523448
2019-09-11,1.456699196218148,1.5466455895796578
2019-09-12,1.4571270497182403,1.5658655573637446
2019-09-13,1.4528063011240695,1.5430026967326622
2019-09-16,1.4494582281758674,1.522651887993732
2019-09-17,1.440352655218138,1.5149152240311534
2019-09-18,1.464922461969837,1.5179424869175933
2019-09-19,1.4646203119431027,1.5306593894154685
2019-09-20,1.4906309571432275,1.5430606809400575
2019-09-23,1.5095553387830645,1.5662134001436512
2019-09-24,1.4716370955536449,1.5369018604597942
2019-09-25,1.454851554460178,1.5297520274212568
2019-09-26,1.4953520033166667,1.5569737410971152
2019-09-27,1.474842876661277,1.5486761947692953
2019-09-30,1.4512369552981168,1.5332403454285277
2019-10-01,1.452087115122059,1.529912712828611
2019-10-02,1.4796829319659373,1.5591035711094923
2019-10-03,1.476691340201797,1.555184294250829
2019-10-04,1.5084944428080382,1.5686314356498672
2019-10-07,1.5232139594217557,1.5745737505292665
2019-10-08,1.530898587377112,1.590345454296884
2019-10-09,1.5159458564318393,1.5967825100856046
2019-10-10,1.5231190915072164,1.6214849492179426
2019-10-11,1.5196791259440365,1.6027178072527153
2019-10-14,1.5166198468426373,1.6120912125020461
2019-10-15,1.4839963435487118,1.590267563373618
2019-10-16,1.5100865101940633,1.6225455595786618
2019-10-17,1.5134967103486723,1.6269604877109873
2019-10-18,1.5006112547911081,1.6249404122331645
2019-10-21,1.4945130664524113,1.631024253362495
2019-10-22,1.5194396295642656,1.63978459851616
2019-10-23,1.548314134920879,1.6601910788214782
2019-10-24,1.5481859489073582,1.64102445942864
2019-10-25,1.5906515213589756,1.6786271462623437
2019-10-28,1.5765769981877908,1.6731773844871418
2019-10-29,1.5965769466520023,1.6875537975137969
2019-10-30,1.5857102898447184,1.6811651000131016
2019-10-31,1.5657969847347692,1.6616632328507253
2019-11-01,1.5922193070431874,1.6594765182825326
2019-11-04,1.6116866369339302,1.6707420455876962
2019-11-05,1.6298428324889966,1.6892846907814023
2019-11-06,1.6405289962753753,1.6999664578639666
2019-11-07,1.6509848811512706,1.7091689659255662
2019-11-08,1.6667605752848513,1.721566958963238
2019-11-11,1.643133575228953,1.7048343944842859
2019-11-12,1.6606485589848903,1.7139191487543037
2019-11-13,1.6641869087857315,1.7065973675423338
2019-11-14,1.6435873951480924,1.6839067303064876
2019-11-15,1.6766829214078556,1.6986979381714329
2019-11-18,1.6917035352067433,1.718379678780563
2019-11-19,1.7233296130985147,1.7493817369593214
2019-11-20,1.7227031113379023,1.7431680724133354
2019-11-21,1.719861938102686,1.7258719776107532
2019-11-22,1.7001106455607577,1.7136826974217365
2019-11-25,1.7210051928372925,1.7317298981878113
2019-11-26,1.7295667405951325,1.7270960870037555
2019-11-27,1.7609014613699152,1.7427546560538747
2019-11-28,1.7629975289591666,1.7416832810115883
2019-11-29,1.7874391970693433,1.7590527046738778
2019-12-02,1.7991660279332582,1.7552523106431004
2019-12-03,1.789867527567282,1.7643594071242266
2019-12-04,1.8358257506164952,1.7875892338982442
2019-12-05,1.8132820404919607,1.7873957005984893
2019-12-06,1.7756795961490275,1.7611550521613224
2019-12-09,1.830204498132538,1.7993594322280708
2019-12-10,1.853074301487624,1.8369933738052546
2019-12-11,1.8415040544345458,1.8388011654091978
2019-12-12,1.8695894270360176,1.8347560144543873
2019-12-13,1.8831093629615576,1.8643081764831217
2019-12-16,1.8505210878126577,1.8421689804970214
2019-12-17,1.82389189464129,1.8123557157808656
2019-12-18,1.8257354917422879,1.8225122168549603
2019-12-19,1.8168095023800166,1.8180531496461834
2019-12-20,1.809624154190818,1.8016820262848028
2019-12-23,1.7768216734660385,1.78384855000558
2019-12-24,1.7771011249556583,1.778498201797865
2019-12-25,1.7732385114466997,1.7704252169563626
2019-12-26,1.7779758628902838,1.7520313414027875
2019-12-27,1.766845364504838,1.7522725087521664
2019-12-30,1.7827570160088975,1.7557614199991542
2019-12-31,1.8399219895428758,1.7922694138290456
2020-01-01,1.8179192498313232,1.775424085474894
2020-01-02,1.8409368267939927,1.7965442482916325
2020-01-03,1.8688455054238131,1.8284740147022933
2020-01-06,1.8321381608492344,1.797939965771174
2020-01-07,1.8294085336843655,1.792959916323042
2020-01-08,1.7827990152848612,1.7646290642654752
2020-01-09,1.784920722668959,1.7740936734611255
2020-01-10,1.7699416811058366,1.7363831685663635
2020-01-13,1.8155218442288215,1.7657126487074488
2020-01-14,1.797871661970451,1.7536374640211472
2020-01-15,1.7901560398544754,1.7505831214330898
2020-01-16,1.7658248993260501,1.7316887396787877
2020-01-17,1.7834834634940235,1.7582418337429766
2020-01-20,1.7863080672179419,1.7499815809519812
2020-01-21,1.7985600898378828,1.7779164043024323
2020-01-22,1.8014429256250368,1.7811778567442413
2020-01-23,1.8186142799678247,1.7785176134968572
2020-01-24,1.7793950122039,1.746935513926042
2020-01-27,1.782394187468894,1.728362035137261
2020-01-28,1.8176524964218903,1.7557120837806703
2020-01-29,1.803934235058481,1.750257127629148
2020-01-30,1.8099197387493293,1.7566395434898792
2020-01-31,1.8376319356342656,1.7838904004729101
2020-02-03,1.8474167995213167,1.7751894391397152
2020-02-04,1.8622112178787549,1.7996943895755728
2020-02-05,1.872013276954764,1.8024394486536965
2020-02-06,1.8983790482530134,1.8315398433297827
2020-02-07,1.9431168472913103,1.8689619319583854
2020-02-10,1.9639044245665114,1.872458105884556
2020-02-11,1.9611047069355658,1.8749334617319064
2020-02-12,1.9820587656680544,1.9010181172977783
2020-02-13,1.9904700134573066,1.9349041296624012
2020-02-14,1.9889643569578028,1.929290497382229
2020-02-17,1.979353769578913,1.9120991245938608
2020-02-18,1.9650862608626167,1.891378406648608
2020-02-19,1.9233764454390105,1.8443989748803333
2020-02-20,1.9061403471408196,1.8273402758439161
2020-02-21,1.9139812993687075,1.8338104076439516
2020-02-24,1.92934433814292,1.837087427008737
2020-02-25,1.959834498416581,1.871263269759225
2020-02-26,1.9451519546585365,1.849106890646464
2020-02-27,1.9696913631365536,1.8717452366806477
2020-02-28,2.030996810927627,1.9461814128531476
2020-03-02,2.064157658667807,1.9518941995102008
2020-03-03,2.054427501779367,1.9466368499866464
2020-03-04,2.059227078662321,1.9698722032190155
2020-03-05,2.0852745824892107,1.9761265175635814
2020-03-06,2.077405153007486,1.9801829386248635
2020-03-09,2.0455887694967125,1.955529572026059
2020-03-10,2.039990292360198,1.9615728119961202
2020-03-11,2.0548469907600446,1.9841365261529331
2020-03-12,2.0437355094809098,1.979393003146023
2020-03-13,2.0767270157487383,1.9872330277557488
2020-03-16,2.069595538651391,1.9882143170944604
2020-03-17,2.0735554197299515,1.9895630782046982
2020-03-18,2.0644211891667354,1.991619057235296
2020-03-19,2.1096762818640777,2.0275548061463384
2020-03-20,2.1286317068857468,2.028147321499968
2020-03-23,2.130169467505403,2.0236471056447893
2020-03-24,2.1386568654811766,2.031410186649651
2020-03-25,2.1167709311949667,2.0064991274384183
2020-03-26,2.09654941304202,1.9987331465988576
2020-03-27,2.098894268524391,2.0096159249918264
2020-03-30,2.091678245684055,2.013565086392648
2020-03-31,2.1050182796250416,2.0055254117970223
2020-04-01,2.083599068323442,2.0018256485364883
2020-04-02,2.0692727817278076,1.9814085021063594
2020-04-03,2.0762396232017486,1.9800280787730007
2020-04-06,2.0558031609728116,1.9663423404831029
2020-04-07,2.0764059535083477,1.9983264368486116
2020-04-08,2.076648134046722,1.9957335430803318
2020-04-09,2.0551076529905528,1.9842542690695408
2020-04-10,2.055344731152254,1.9871210681850966
2020-04-13,2.052747080620401,1.9786981662546732
2020-04-14,2.087641936956642,2.0190938184607705
2020-04-15,2.0998563655432494,2.03030511252526
2020-04-16,2.058735872653785,2.0020377167299483
2020-04-17,2.0646668812783595,2.0107030826343038
2020-04-20,2.06643937118474,2.014861979773746
2020-04-21,2.039722703307234,1.978322116562952
2020-04-22,2.0271343156343904,1.9838336729754313
2020-04-23,2.03774333242659,1.984239884038467
2020-04-24,2.059570346504588,2.001041827072703
2020-04-27,2.0711497755686743,2.0162118610969486
2020-04-28,2.045111151243689,1.986036026158512
2020-04-29,2.057267234982836,1.9843849121116381
2020-04-30,2.057757590266851,1.9837191717087637
2020-05-01,2.039270908776682,1.9467582093707663
2020-05-04,2.005192402483992,1.9171787815372467
2020-05-05,1.9983297649817091,1.9027730590577123
2020-05-06,2.0061165119210833,1.9237484906937654
2020-05-07,2.027093575773899,1.9268526846354679
2020-05-08,2.0166289709566994,1.9153541637572769
2020-05-11,2.0671479548787492,1.9549209999940413
2020-05-12,2.04306126238838,1.9211566114773835
2020-05-13,2.0155589770443814,1.894222298671079
2020-05-14,2.047813978089543,1.9178621533012252
2020-05-15,2.0613491828272927,1.930691148762575
2020-05-18,2.0720447655382443,1.9560437828136517
2020-05-19,2.0667518828387674,1.9453517723959568
2020-05-20,2.0772337704873625,1.94490586377921
2020-05-21,2.04995183763431,1.9258326094427813
2020-05-22,2.0604880783407897,1.9321808555975215
2020-05-25,2.0839516996057235,1.9566666561359827
2020-05-26,2.0568557950053776,1.9424160177293457
2020-05-27,2.0565408551951876,1.963111752360715
2020-05-28,2.072779703011872,1.967436080956308
2020-05-29,2.0442308664377995,1.9469828350725824
2020-06-01,2.0249997413482683,1.9476959553104123
2020-06-02,2.0493708509432897,1.9803665935803851
2020-06-03,2.0029330919452324,1.9587412596662694
2020-06-04,2.0227917520571714,1.9656754481026861
2020-06-05,2.0187276186580103,1.9484630063557649
2020-06-08,1.9958602153950993,1.9343049857812176
2020-06-09,1.9916238845445904,1.905835441883802
2020-06-10,2.027460667302336,1.913868386557886
2020-06-11,2.0764970589058964,1.9343722642651509
2020-06-12,2.0762281429978224,1.9226474843650065
2020-06-15,2.0779905583716087,1.9281859503822958
2020-06-16,2.054456654130435,1.8927765013495428
2020-06-17,2.038619076566927,1.875126003141935
2020-06-18,2.0071127683304932,1.8533424932153355
2020-06-19,1.9810090568365624,1.8386120778865207
2020-06-22,1.9486999949290456,1.7984452006654588
2020-06-23,1.9275356231464005,1.8042796622735875
2020-06-24,1.9229845973436355,1.7940722179702722
2020-06-25,1.8913411384564092,1.7801347241155117
2020-06-26,1.8965396539850397,1.7712131972110454
2020-06-29,1.88571195181559,1.7556150755209838
2020-06-30,1.866296174989951,1.7233484211866787
2020-07-01,1.8820134703402471,1.7404527722043943
2020-07-02,1.9074545881056968,1.7534020305765454
2020-07-03,1.8685854687285366,1.7191285788079418
2020-07-06,1.8451477448748732,1.7024027201184058
2020-07-07,1.8513869687651467,1.688485307219736
2020-07-08,1.8853769138996026,1.6993538344622452
2020-07-09,1.8821892418313728,1.6938972771146976
2020-07-10,1.8698418945603017,1.6962774309168909
2020-07-13,1.876363299197651,1.68970643584988
2020-07-14,1.8833040356812318,1.7028308620339327
2020-07-15,1.8959715274448348,1.7149790876156823
2020-07-16,1.874778224350101,1.7018287190309207
2020-07-17,1.890459720276399,1.7111099217574335
2020-07-20,1.9077608289603663,1.7110544842381559
2020-07-21,1.8993986135504222,1.706372773297663
2020-07-22,1.9203704536094397,1.717153535837621
2020-07-23,1.889979285544567,1.7023424256963038
2020-07-24,1.8822156526742044,1.7054046521415176
2020-07-27,1.8981358179396086,1.7168387098145435
2020-07-28,1.9336284089201183,1.7419319643389792
2020-07-29,1.9325929924834362,1.7716592276661303
2020-07-30,1.9241375684607018,1.772762209936536
2020-07-31,1.9453286947744053,1.7998145734110336
2020-08-03,1.9827359688217188,1.839125743443604
2020-08-04,1.9969048706008958,1.8424308216352612
2020-08-05,1.9780145136349894,1.8323781535344563
2020-08-06,1.9876273337956982,1.8516412396444157
2020-08-07,2.0277867487730217,1.8944033579054902
2020-08-10,2.0558415935128513,1.921573781747053
2020-08-11,2.0760922727486135,1.949441106747801
2020-08-12,2.05523265785085,1.9310644022037815
2020-08-13,2.04344661077763,1.9346274120201579
2020-08-14,1.9939768898845787,1.8872760712840362
2020-08-17,2.0141469721827048,1.9094289130700894
2020-08-18,2.019236464958067,1.9131921448220923
2020-08-19,2.039652810434447,1.9348087315742402
2020-08-20,2.0508727183991566,1.9445818716972634
2020-08-21,2.082237016014138,1.9748197426429936
2020-08-24,2.096503344468182,1.9681303434372892
2020-08-25,2.1034248333451435,1.9734125321021059
2020-08-26,2.069443438203802,1.962173789520202
2020-08-27,2.0472749141567057,1.9275786398856807
2020-08-28,2.04389049572783,1.9242596381109487
2020-08-31,2.010155188129797,1.8937960728220624
2020-09-01,2.0149959206057653,1.8996575732436536
2020-09-02,2.0673768185790373,1.9336636662808
2020-09-03,2.0689236755522993,1.9372804616043495
2020-09-04,2.0188216318583674,1.8904235395573397
2020-09-07,2.0613740132026632,1.9188697554845406
2020-09-08,2.0682293615204146,1.9278995840696502
2020-09-09,2.028511511197342,1.9101150252749663
2020-09-10,1.9786415351740005,1.8794851187357389
2020-09-11,1.9735903730567594,1.8735590606857784
2020-09-14,1.977534339512965,1.884856119043432
2020-09-15,1.9641071410276083,1.8674487572444936
2020-09-16,1.9880779321343178,1.8917458525071986
2020-09-17,1.9691644162128124,1.8701554494438175
2020-09-18,1.9799060524417966,1.863591328095553
2020-09-21,2.016508333959181,1.8883457313970387
2020-09-22,2.0425205349368607,1.905314385565843
2020-09-23,2.0807990513146044,1.9348630719613005
2020-09-24,2.0579597742472093,1.9317160111724128
2020-09-25,2.101795557461667,1.9733870574430337
2020-09-28,2.0682890583441083,1.961175467576829
2020-09-29,2.075848562468619,1.9887661688062563
2020-09-30,2.090593804507374,1.9924938650117292
2020-10-01,2.100795935247232,1.9958642742196266
2020-10-02,2.1467416348318573,2.0132793279467913
2020-10-05,2.1710912985593986,2.0113472723356858
2020-10-06,2.2005184616579547,2.0536675288638433
2020-10-07,2.2055074748065278,2.062694211154731
2020-10-08,2.233746525603525,2.0676565801216285
2020-10-09,2.2253211353195437,2.071681462374667
2020-10-12,2.2490244254548553,2.0808255345946147
2020-10-13,2.2253201412111836,2.0650632585698934
2020-10-14,2.2555060183631546,2.073486449163052
2020-10-15,2.2866272894603235,2.08987160836515
2020-10-16,2.3062287380863737,2.102393740370055
2020-10-19,2.36527957079466,2.1296294240454166
2020-10-20,2.362916731642162,2.1060241695403095
2020-10-21,2.407173489726504,2.1291450438212243
2020-10-22,2.4146324742428655,2.130487143860014
2020-10-23,2.41067911534777,2.141658596632447
2020-10-26,2.466008973409573,2.1586467388465644
2020-10-27,2.4709454198082113,2.1625771338163133
2020-10-28,2.425518983345902,2.1255076333196894
2020-10-29,2.489293659724787,2.1542401584512394
2020-10-30,2.5379205593979535,2.189138788108072
2020-11-02,2.538226863561492,2.2073834954893647
2020-11-03,2.54114259346254,2.2093434294530847
2020-11-04,2.522848976590651,2.2141435929054345
2020-11-05,2.5561600694117397,2.2437495010459028
2020-11-06,2.5982457764652924,2.2681712647131884
2020-11-09,2.5422274260652533,2.2333598957556715
2020-11-10,2.5021129453693716,2.2003927208626504
2020-11-11,2.5428775632911647,2.2137694214864765
2020-11-12,2.5299700243909022,2.2163305140725353
2020-11-13,2.540004842363008,2.238589391167601
2020-11-16,2.5978213800241132,2.2707660835660164
2020-11-17,2.6182962003353034,2.2818415932603204
2020-11-18,2.6006549010011617,2.2850766855149502
2020-11-19,2.6326904718111646,2.3300541530632164
2020-11-20,2.6275420589158967,2.3299658320163967
2020-11-23,2.667219024903233,2.3263286040269264
2020-11-24,2.66457606856218,2.3252393374160882
2020-11-25,2.641108416399122,2.3093244053547166
2020-11-26,2.6931895650012945,2.3449635964566897
2020-11-27,2.7017257349056125,2.309420557072138
2020-11-30,2.714015204092595,2.3164395685434402
2020-12-01,2.711706975933267,2.2997090532531614
2020-12-02,2.75390395183838,2.3403070624942406
2020-12-03,2.7755678354667728,2.365856016990728
2020-12-04,2.7523580167319537,2.3520260146636978
2020-12-07,2.7290678141694635,2.346985998280222
2020-12-08,2.68467093496588,2.310711599302495
2020-12-09,2.7125972323414036,2.348528534515642
2020-12-10,2.6966808131409388,2.350153071518905
2020-12-11,2.776799593519994,2.424138864539539
2020-12-14,2.6897980672996926,2.3801661801869067
2020-12-15,2.6704122938799184,2.3709068056526337
2020-12-16,2.6310955756769414,2.3197263929177483
2020-12-17,2.611958231612508,2.315133577155018
2020-12-18,2.567742663591539,2.293176605918088
2020-12-21,2.4951956250412772,2.2503607796867557
2020-12-22,2.504775052918571,2.275353415955239
2020-12-23,2.469720458643416,2.2549405624606194
2020-12-24,2.484197986575949,2.2478578666436686
2020-12-25,2.4578414539657865,2.224966699065727
2020-12-28,2.499236031752843,2.271741606189543
2020-12-29,2.5157408588084595,2.27170588666316
2020-12-30,2.568081568330869,2.3114157529220893
2020-12-31,2.61562580798989,2.3482642575225645
2021-01-01,2.6598645993788614,2.3616138084125144
2021-01-04,2.662116867290468,2.367484569289654
2021-01-05,2.644690515312566,2.354638076905629
2021-01-06,2.669735891756315,2.3565095695427325
2021-01-07,2.654495101680509,2.346014891095874
2021-01-08,2.62391935685236,2.3337089690839203
2021-01-11,2.652736620602872,2.3623749491708455
2021-01-12,2.7233481845380467,2.391645234678823
2021-01-13,2.7444861517411154,2.415840582506176
2021-01-14,2.7384991216461403,2.428307473966012
2021-01-15,2.779994038329682,2.468976625023005
2021-01-18,2.7641289292183737,2.4522293744011026
2021-01-19,2.7757985557275466,2.4314106431603943
2021-01-20,2.889291895127857,2.4835699485788436
2021-01-21,2.90297338151047,2.482572080302371
2021-01-22,2.8439860318865935,2.4538980428508723
2021-01-25,2.8355920501164187,2.4248178876348003
2021-01-26,2.8318155877347935,2.4344244567239723
2021-01-27,2.8422301830626595,2.428578894123439
2021-01-28,2.8107255245411613,2.406534919441339
2021-01-29,2.799094702488474,2.3866904192093394
2021-02-01,2.7727891272464134,2.3542834692521284
2021-02-02,2.7932709343524773,2.343531158400015
2021-02-03,2.734374440369183,2.3200975532721557
2021-02-04,2.765509715932861,2.324232912261197
2021-02-05,2.774028359443546,2.3040872993206505
2021-02-08,2.7410608746703726,2.268293534006808
2021-02-09,2.746501598676872,2.2761626500728647
2021-02-10,2.731402656189721,2.2544523009790205
2021-02-11,2.700772828306421,2.2497997088106687
2021-02-12,2.6275407342685906,2.2178755569759514
2021-02-15,2.6106619496065466,2.2228874404182046
2021-02-16,2.6164538622555233,2.2174452378215705
2021-02-17,2.7313662515138866,2.2842848931711592
2021-02-18,2.7608308862525197,2.3209375692920364
2021-02-19,2.7387439928202704,2.3338979842878325
2021-02-22,2.788354166327739,2.34461940864932
2021-02-23,2.8192510408636,2.3581195718858914
2021-02-24,2.838901162941422,2.3756351068780477
2021-02-25,2.817862291848002,2.407802785362785
2021-02-26,2.7926239839972777,2.3968153840417483
2021-03-01,2.7497183670785255,2.3569745500357855
2021-03-02,2.7139109264366232,2.3675584844470903
2021-03-03,2.7257364959700934,2.3736794864717985
2021-03-04,2.6934082632608756,2.3561184891077813
2021-03-05,2.7026630493180215,2.358755770547169
2021-03-08,2.671937852622955,2.3491212712889094
2021-03-09,2.64009036295349,2.3312273198778297
2021-03-10,2.6172447707534467,2.315513640429793
2021-03-11,2.625269640743133,2.3177040338902968
2021-03-12,2.616670152626696,2.3117944728222537
2021-03-15,2.6399481633812703,2.343161276157229
2021-03-16,2.6748301263591565,2.358341822805968
2021-03-17,2.80081522282229,2.4506482335038013
2021-03-18,2.7768509443684444,2.4755364785922835
2021-03-19,2.784065118346588,2.5207154625261383
2021-03-22,2.7851411058262245,2.500051224508345
2021-03-23,2.8659875173397475,2.605442939912405
2021-03-24,2.8856116510224856,2.6058986036330607
2021-03-25,2.9030340572261504,2.5946761261910627
2021-03-26,2.9267286212730443,2.608849117187709
2021-03-29,2.87135343424943,2.5831770931762037
2021-03-30,2.8694370469566532,2.55491365320685
2021-03-31,2.8620461949740044,2.5312054092257097
2021-04-01,2.8612875766563333,2.5428692328321385
2021-04-02,2.8999255876501064,2.5580399448912
2021-04-05,2.9547355864666853,2.6154945720114107
2021-04-06,2.9092903127340586,2.598933174462821
2021-04-07,2.9289332128757586,2.6055134928011956
2021-04-08,2.8800077015740126,2.5700376126862094
2021-04-09,2.905020141391797,2.5844538908124317
2021-04-12,2.8723120402480697,2.58835408737031
2021-04-13,2.886330961666542,2.5799531268920446
2021-04-14,2.9415169796268232,2.626313266161724
2021-04-15,2.9334631063302115,2.6180891799883144
2021-04-16,2.8822262235687695,2.5856883741267715
2021-04-19,2.9051495507821974,2.5976170203371973
2021-04-20,2.8995335473900017,2.552895933529562
2021-04-21,2.943666433153238,2.586136627454098
2021-04-22,2.989673009485153,2.604107843195873
2021-04-23,3.027234697679666,2.6285702352308267
2021-04-26,3.0665041368470063,2.6700395974203124
2021-04-27,3.006498757984266,2.6276182589251817
2021-04-28,2.9752064734153434,2.6260670676577185
2021-04-29,2.948816171511434,2.6083817925199546
2021-04-30,2.9615892756215203,2.599720481906333
2021-05-03,2.95625666525235,2.588101752068389
2021-05-04,2.991047259568921,2.593703594552143
2021-05-05,3.007456233035471,2.581003497137026
2021-05-06,3.0314943140845667,2.5978843856549747
2021-05-07,3.0479736162474835,2.616982055017251
2021-05-10,3.0060438347152942,2.586348713946042
2021-05-11,3.0497173804622277,2.6157420202511084
2021-05-12,3.0631938229322433,2.6285865248280023
2021-05-13,3.0690040709820967,2.622278448067208
2021-05-14,3.0655162726670326,2.5967660145970317
2021-05-17,3.0026197010614966,2.580526534663459
2021-05-18,3.025914401689926,2.5815652253103574
2021-05-19,3.0232978141063556,2.5617220482493983
2021-05-20,3.066683429047454,2.6002560651365956
2021-05-21,3.0817025540683676,2.6044121772074056
2021-05-24,3.0821211377868556,2.6250696242067444
2021-05-25,3.1170032196812065,2.635466344370827
2021-05-26,3.164416429648643,2.6497591297776757
2021-05-27,3.157313329480025,2.643092917780039
2021-05-28,3.1632826266074727,2.6655431585727793
2021-05-31,3.153515536063066,2.648215643735617
2021-06-01,3.1624704660321807,2.6690688285346154
2021-06-02,3.1798025126222784,2.6736415890634895
2021-06-03,3.202047619269898,2.7265732446254654
2021-06-04,3.270811054852002,2.756079673141301
2021-06-07,3.220490323413136,2.7126608809065345
2021-06-08,3.250741719950493,2.7133263080521197
2021-06-09,3.342885403446722,2.764108139951772
2021-06-10,3.378142897593918,2.787271950791946
2021-06-11,3.4116328269470557,2.827576011193971
2021-06-14,3.3641244073507006,2.7745759170962296
2021-06-15,3.335199992731208,2.7790059707458057
2021-06-16,3.424832775411345,2.849935902313802
2021-06-17,3.532776887422123,2.9116841998978225
2021-06-18,3.4913134284812926,2.8837076427035098
2021-06-21,3.5143992995035345,2.89555222400996
2021-06-22,3.5204894499470036,2.8956474489597936
2021-06-23,3.5483129104831623,2.893491111393896
2021-06-24,3.5373575271456397,2.8747094876687305
2021-06-25,3.4810401290014807,2.839857954273
2021-06-28,3.4934919931081656,2.85065674311254
2021-06-29,3.5300754828566907,2.8939449236995904
2021-06-30,3.5059889933154254,2.888054056107245
2021-07-01,3.395984388725912,2.8322913261494325
2021-07-02,3.416005273706093,2.8425329541631363
2021-07-05,3.416349660869986,2.820581203262149
2021-07-06,3.476793387328213,2.840203613507489
2021-07-07,3.569934074204509,2.902504222104593
2021-07-08,3.637369817631273,2.9889032284589154
2021-07-09,3.6674786874746332,3.0113068440031205
2021-07-12,3.7107133589118177,3.040057831373848
2021-07-13,3.7024105754628738,3.055887612716979
2021-07-14,3.6267190951895896,3.012340079655733
2021-07-15,3.651633267092831,3.037452970183153
2021-07-16,3.578082225135985,2.955674027057631
2021-07-19,3.529091634301469,2.9672857180606576
2021-07-20,3.575065579427489,2.992334545296639
2021-07-21,3.566803443897173,2.9975372280170793
2021-07-22,3.5475615854977294,2.980543668822846
2021-07-23,3.583694486551061,3.0336857857829314
2021-07-26,3.5459121110314284,3.008848988420188
2021-07-27,3.529376473131809,2.974162217668255
2021-07-28,3.5010257264184426,3.0123541441624857
2021-07-29,3.4793478663806807,3.00575658184627
2021-07-30,3.509220955906752,3.015167332713928
2021-08-02,3.5412083916701604,3.054248437267374
2021-08-03,3.5298450828915895,3.0674676165326322
2021-08-04,3.439835118387564,3.0592538435988765
2021-08-05,3.4318798224285714,3.019254352812249
2021-08-06,3.3337567682718086,2.922641960666525
2021-08-09,3.308764264111368,2.873665322702282
2021-08-10,3.358703410719204,2.895982399722251
2021-08-11,3.374972686233789,2.9193666183531777
2021-08-12,3.3600980550120085,2.9124784786171833
2021-08-13,3.386143118539757,2.9113064707272045
2021-08-16,3.5308620707896803,2.9984111713882418
2021-08-17,3.5437200076691093,3.01716316848071
2021-08-18,3.558105414663196,3.0278933234931036
2021-08-19,3.628022530090337,3.0556134973289315
2021-08-20,3.6053438351181435,3.0766366299817456
2021-08-23,3.564482970512972,3.0418169918643385
2021-08-24,3.5813380516189945,3.049312191766083
2021-08-25,3.646979948539776,3.095602485822833
2021-08-26,3.701573738981307,3.1332180711896656
2021-08-27,3.71335149524311,3.136413809060892
2021-08-30,3.673737134445037,3.1172977777841107
2021-08-31,3.6933870543769345,3.1533682628734745
2021-09-01,3.8210210502179747,3.2300560760600874
2021-09-02,3.6967173444694374,3.19980272073446
2021-09-03,3.652795848773846,3.1855897898835064
2021-09-06,3.6460048398230285,3.2118665507729154
2021-09-07,3.662263326348949,3.238063731468712
2021-09-08,3.649732959250121,3.2491241301836267
2021-09-09,3.6793805353955085,3.3009170213445427
2021-09-10,3.621700996586369,3.2482013164426466
2021-09-13,3.5615963749861095,3.234798780311828
2021-09-14,3.6211924971222413,3.315095624820409
2021-09-15,3.6704851158274514,3.338176779308062
2021-09-16,3.7350267963153145,3.40525635119839
2021-09-17,3.722439640539848,3.393177535833679
2021-09-20,3.7549442725287228,3.4139536950447833
2021-09-21,3.6730128547119345,3.3537409426372085
2021-09-22,3.642764900765777,3.3689668157248773
2021-09-23,3.5958236544352897,3.360309170662391
2021-09-24,3.4723662726575464,3.26763734360285
2021-09-27,3.5206865825264253,3.317681437617319
2021-09-28,3.5597316861203026,3.340953310378509
2021-09-29,3.5246417766898177,3.305830974911816
2021-09-30,3.519074385560938,3.2941184459339268
2021-10-01,3.4706480348286726,3.246648878253328
2021-10-04,3.5185045860872104,3.2924560525937863
2021-10-05,3.487417258748615,3.2681187261432103
2021-10-06,3.435736200079701,3.2166599136964247
2021-10-07,3.4220134369623034,3.2213104027105683
2021-10-08,3.3640365186622216,3.195620370120913
2021-10-11,3.3737887739765013,3.2222289202741963
2021-10-12,3.4576341486178004,3.2533809356604553
2021-10-13,3.4836324049667096,3.250063970078577
2021-10-14,3.416625224225076,3.205162962553169
2021-10-15,3.491467083856614,3.2351713449606856
2021-10-18,3.448548996765577,3.2182243749189694
2021-10-19,3.5020502090054255,3.2382336398973655
2021-10-20,3.4957741933949245,3.228852416876746
2021-10-21,3.5591074820207056,3.2637273853807836
2021-10-22,3.571797550454719,3.290150851799845
2021-10-25,3.5774320604987593,3.3339540530532457
2021-10-26,3.569355946619068,3.3189386327649726
2021-10-27,3.592778827185915,3.3378311434673527
2021-10-28,3.6133399070708263,3.3779318435424024
2021-10-29,3.6616425073885517,3.3894510974414414
2021-11-01,3.6237806283955862,3.355092647290375
2021-11-02,3.593747630297565,3.327626937388959
2021-11-03,3.589373966376646,3.3344792033992103
2021-11-04,3.619878977947836,3.381438231092292
2021-11-05,3.6151286070724384,3.421430975689311
2021-11-08,3.680488783646623,3.4712517505098504
2021-11-09,3.7099250134761927,3.524449860261212
2021-11-10,3.6638113051365,3.476194928876671
2021-11-11,3.7282821977058576,3.5182883728353964
2021-11-12,3.8429551392482244,3.5919419715727
2021-11-15,3.826646476229466,3.5897728159811826
2021-11-16,3.9116484217879246,3.633461987794798
2021-11-17,3.8994819980900934,3.624682169276819
2021-11-18,3.9236189214799593,3.6272716471562254
2021-11-19,3.9037303005464854,3.6177702313600166
2021-11-22,3.818658806054425,3.5193723108298802
2021-11-23,3.8293607546512667,3.546488796420187
2021-11-24,3.881750649454613,3.567151082174198
2021-11-25,3.942594544684364,3.5989889350705324
2021-11-26,3.929938108284351,3.612023060409438
2021-11-29,3.972537822255085,3.6522568587089044
2021-11-30,4.045542978380871,3.677241876946824
2021-12-01,4.0316779718548545,3.6916531825876815
2021-12-02,4.090777612504599,3.721500104035102
2021-12-03,4.057976430923061,3.6898284976161118
2021-12-06,4.12366097904883,3.7051426172725854
2021-12-07,4.094197662250487,3.692859889668479
2021-12-08,4.0764884628458615,3.6580623576650293
2021-12-09,4.064268435666406,3.656830160748938
2021-12-10,4.0830920879203285,3.6828920855030365
2021-12-13,4.132880602466677,3.6983967533681503
2021-12-14,4.233394591040453,3.7692121269845953
2021-12-15,4.2607795363587915,3.8050000039598872
2021-12-16,4.322138698515027,3.877411711223161
2021-12-17,4.326440030168567,3.909185460005625
2021-12-20,4.381063192039337,3.925132821539701
2021-12-21,4.411191475875536,3.933592189135961
2021-12-22,4.391619972137084,3.9137864295223026
2021-12-23,4.47774197981027,3.9674072167190397
2021-12-24,4.607055420220165,4.014143319113254
2021-12-27,4.712368251868812,4.105628389175251
2021-12-28,4.655154746181807,4.056437232475872
2021-12-29,4.6438106575664975,4.03756821825086
2021-12-30,4.676684767774532,4.093129425794445
2021-12-31,4.732395238246407,4.121902240577235
2022-01-03,4.6472974096414745,4.107796543906854
2022-01-04,4.6501631491060165,4.087539859672512
2022-01-05,4.7807864057324005,4.207891842767649
2022-01-06,4.7474635062905834,4.163317893092356
2022-01-07,4.75359870074513,4.137542332466562
2022-01-10,4.889439510071248,4.185391469475615
2022-01-11,4.975829428794602,4.214294046404098
2022-01-12,5.027331876353976,4.224844230150802
2022-01-13,5.024356381057007,4.244128135728411
2022-01-14,5.042988738460812,4.236692166034435
2022-01-17,5.021138513732872,4.191162038441395
2022-01-18,4.89443436826798,4.132267129997246
2022-01-19,4.9116271566396845,4.108302235490953
2022-01-20,4.951066534476826,4.159588475051539
2022-01-21,4.983748742991946,4.1766070283628745
2022-01-24,4.981953998199428,4.164978914234096
2022-01-25,5.055944028948589,4.2281288989187775
2022-01-26,5.0431058028962825,4.251527168375981
2022-01-27,4.94641754079309,4.18257854385901
2022-01-28,4.879512490337029,4.1708281095598
2022-01-31,4.974474920341898,4.210785257505012
2022-02-01,5.071761523808878,4.245307764237242
2022-02-02,5.112229384640128,4.263885234678018
2022-02-03,5.231489710583875,4.295586135631063
2022-02-04,5.076836828171443,4.245418142751326
2022-02-07,5.110559915625354,4.273241530659062
2022-02-08,5.129270393070366,4.300467116469128
2022-02-09,5.212406893394169,4.357812208777344
2022-02-10,5.259370279981051,4.4052878482532805
2022-02-11,5.307391102258167,4.43302100626309
2022-02-14,5.31219066168106,4.445400492755031
2022-02-15,5.262057814718187,4.44888625424323
2022-02-16,5.216868766129293,4.4327989283570215
2022-02-17,5.322427476384067,4.50053904357996
2022-02-18,5.389801613550054,4.481239319240684
2022-02-21,5.305954006295803,4.401312402015635
2022-02-22,5.237838474715777,4.388111094310191
2022-02-23,5.236665777128509,4.301130584667743
2022-02-24,5.2942286958197196,4.358161233508956
2022-02-25,5.299325242352822,4.328739727770682
2022-02-28,5.289695702174133,4.300581376137816
2022-03-01,5.362953313004536,4.318428919031979
2022-03-02,5.4956298299407536,4.371415404835104
2022-03-03,5.433389029458214,4.396938396042922
2022-03-04,5.51386631212477,4.393852651927918
2022-03-07,5.510484667693952,4.427074387890615
2022-03-08,5.600887838037822,4.498533686505082
2022-03-09,5.591531372110528,4.502698107945851
2022-03-10,5.545526110945285,4.47137848284897
2022-03-11,5.356683882588696,4.359314750710535
2022-03-14,5.388545096116904,4.321131401386653
2022-03-15,5.323559069620606,4.3035755957212345
2022-03-16,5.393407140923791,4.369311311530333
2022-03-17,5.39961685404551,4.386665536388749
2022-03-18,5.400588670787988,4.403492218660304
2022-03-21,5.3254224460473525,4.36154235800244
2022-03-22,5.438452819021708,4.3726324223716375
2022-03-23,5.403783993437832,4.399953009366442
2022-03-24,5.380254135037578,4.382138988973025
2022-03-25,5.337138033959173,4.35339842122064
2022-03-28,5.318561324495937,4.381600867889429
2022-03-29,5.22644769010757,4.318748266571224
2022-03-30,5.123153922786512,4.278926095795132
2022-03-31,5.135498843494817,4.278704349907004
2022-04-01,5.1849738495833115,4.286708036726483
2022-04-04,5.261337484558408,4.318596263748427
2022-04-05,5.136901135848262,4.267125950493248
2022-04-06,5.045762405781791,4.244765853438072
2022-04-07,5.108251265797722,4.31868915616874
2022-04-08,4.9324644783287885,4.252473122286433
2022-04-11,4.839306291793409,4.186452787723551
2022-04-12,4.743761290920574,4.136726890035324
2022-04-13,4.789364874135249,4.172880151005503
2022-04-14,4.8674915099834,4.2556215743699
2022-04-15,4.860256616654602,4.236934753308192
2022-04-18,5.018713637385373,4.293545024581901
2022-04-19,5.104672498713806,4.33280893658376
2022-04-20,5.117963930409048,4.300728451048048
2022-04-21,5.106057097210307,4.317482612053435
2022-04-22,4.979903337145897,4.247398466605502
2022-04-25,4.881866700386541,4.180987787267865
2022-04-26,4.875502634402828,4.179310266271463
2022-04-27,4.859652219324578,4.189494829122415
2022-04-28,4.915248734313597,4.208818190516518
2022-04-29,4.786023160575175,4.182796340845556
2022-05-02,4.760700676836437,4.207490120769419
2022-05-03,4.716803513475795,4.214195795200654
2022-05-04,4.77839629108438,4.229203159683181
2022-05-05,4.841643840433798,4.309461350557332
2022-05-06,4.994913233068266,4.395685008105285
2022-05-09,4.962689315575612,4.366170045540189
2022-05-10,4.9840409003663835,4.379086841008719
2022-05-11,4.9741555561972595,4.34128713710464
2022-05-12,5.052229681524537,4.352737931043691
2022-05-13,5.0978259224612525,4.349195031999052
2022-05-16,5.080978507903904,4.387867391068074
2022-05-17,5.051001202612297,4.347605837842779
2022-05-18,4.951385674568775,4.330378210750284
2022-05-19,5.119836727505077,4.364511781286033
2022-05-20,5.153510021672147,4.355975991039541
2022-05-23,5.287992134129775,4.440558985469057
2022-05-24,5.246015249857215,4.424784053865649
2022-05-25,5.231351229568179,4.440185681650828
2022-05-26,5.265482630374659,4.477084188253171
2022-05-27,5.26804571834282,4.495411934041507
2022-05-30,5.332910779476372,4.550486972812235
2022-05-31,5.264814237595646,4.549277362882184
2022-06-01,5.194457337527201,4.473523508332165
2022-06-02,5.142944210501056,4.432966929227806
2022-06-03,4.960238474869899,4.364428995470056
2022-06-06,4.926753309315777,4.379288080969415
2022-06-07,4.994169406519458,4.459587946906423
2022-06-08,4.858542621922853,4.3929644414392115
2022-06-09,4.820308063675161,4.396506827639625
2022-06-10,4.769502544935412,4.355540104505217
2022-06-13,4.783738544717276,4.397483338165633
2022-06-14,4.7225729697886125,4.345469162529217
2022-06-15,4.747218684830852,4.354463502273033
2022-06-16,4.7157377496020425,4.331103220796
2022-06-17,4.727732519747674,4.3438218408682365
2022-06-20,4.682400464987156,4.351451982290759
2022-06-21,4.525473412444313,4.232561113040219
2022-06-22,4.596470878335143,4.312734753012504
2022-06-23,4.5483358937880976,4.297668588391168
2022-06-24,4.588303633748941,4.336464258247978
2022-06-27,4.526696564044658,4.328720686036296
2022-06-28,4.5600575280199065,4.330090775413973
2022-06-29,4.582139391550225,4.324896585742744
2022-06-30,4.65724928834072,4.368698105916845
2022-07-01,4.701401468016177,4.387389034444448
2022-07-04,4.7104696345945705,4.431854605712076
2022-07-05,4.650843679136511,4.35726600652013
2022-07-06,4.711945871952641,4.396825345834704
2022-07-07,4.75620204290789,4.3916935046918
2022-07-08,4.681427475695989,4.305566792497925
2022-07-11,4.727997225790838,4.351314786532075
2022-07-12,4.587548058376863,4.236623966558381
2022-07-13,4.5864739063571625,4.212979203685501
2022-07-14,4.451658371502772,4.140657842924473
2022-07-15,4.437139573802999,4.156571373736906
2022-07-18,4.3785206414659585,4.1107450553796285
2022-07-19,4.3753149756336125,4.064652516493405
2022-07-20,4.417076272004599,4.093124333257224
2022-07-21,4.481606250071247,4.122837303243058
2022-07-22,4.5862079089476095,4.1624851105805165
2022-07-25,4.674893210903714,4.2054052346103
2022-07-26,4.77595079670706,4.290134825245949
2022-07-27,4.895302793965783,4.355804686670295
2022-07-28,4.868930216520018,4.340362718422723
2022-07-29,4.732832989575286,4.2490268290656665
2022-08-01,4.737800383868595,4.255744776787665
2022-08-02,4.7566263497129215,4.283074920725872
2022-08-03,4.772823726084147,4.290544572912994
2022-08-04,4.865139266586285,4.312469391177883
2022-08-05,4.900979201274155,4.351918158692332
2022-08-08,4.769293948009435,4.277046476084387
2022-08-09,4.803214151429615,4.31235832041767
2022-08-10,4.796305969072811,4.284554430488208
2022-08-11,4.727324804001403,4.269015816640613
2022-08-12,4.759632895245027,4.211460351993037
2022-08-15,4.813743666775411,4.181347570005967
2022-08-16,4.711454578355153,4.110557987042295
2022-08-17,4.646508953980287,4.080832761102164
2022-08-18,4.649579291324495,4.06672063979391
2022-08-19,4.779928134320586,4.149313169923985
2022-08-22,4.840275621816406,4.1765860402156045
2022-08-23,4.841511372624579,4.221639130526158
2022-08-24,4.825395050336585,4.173096129609227
2022-08-25,4.928649134528519,4.244834449952249
2022-08-26,4.90853218658839,4.210839001538369
2022-08-29,4.8625593401213925,4.184784799679802
2022-08-30,4.699214227551979,4.072419725706973
2022-08-31,4.691104287368892,4.082443772253715
2022-09-01,4.775016988369885,4.132563815119981
2022-09-02,4.792719578765961,4.145173531744754
2022-09-05,4.789221064600824,4.115331207067717
2022-09-06,4.699213902507767,4.062528285275956
2022-09-07,4.699355116196069,4.078861986771576
2022-09-08,4.7267762822143835,4.089034140066966
2022-09-09,4.747518339025088,4.084743973336432
2022-09-12,4.934388572715748,4.148007827769069
2022-09-13,4.907968139517447,4.151838200359575
2022-09-14,4.783892069461887,4.081632927443313
2022-09-15,4.765622170496709,4.056259615321239
2022-09-16,4.890867526229387,4.107912353538061
2022-09-19,4.943931881332351,4.151531119287265
2022-09-20,4.90793811533544,4.135032362870438
2022-09-21,4.905975497824107,4.106320888259507
2022-09-22,5.005727317472439,4.190683105383092
2022-09-23,4.960686222379074,4.165212788282755
2022-09-26,4.813642283127292,4.113602857959995
2022-09-27,4.917683111190077,4.15523775383366
2022-09-28,5.003137690986728,4.2109508174582695
2022-09-29,4.898931510125826,4.169911905460871
2022-09-30,4.995755686875688,4.243455232493537
2022-10-03,5.045208870349935,4.26952370133521
2022-10-04,5.140774672372314,4.3114569218113
2022-10-05,5.204551198619481,4.3579093508200275
2022-10-06,5.29418795927721,4.443774994797994
2022-10-07,5.2932182454468775,4.45653860053151
2022-10-10,5.311153623425684,4.413961330586237
2022-10-11,5.288550868370859,4.355454869078967
2022-10-12,5.314310638217717,4.379246289234934
2022-10-13,5.367579052878457,4.426557757437521
2022-10-14,5.501373316501023,4.502546644467182
2022-10-17,5.612599028995488,4.554526077359565
2022-10-18,5.73456709077223,4.5981252765465035
2022-10-19,5.672935380388233,4.524797515479343
2022-10-20,5.66553719805333,4.5664543295062545
2022-10-21,5.752695223352064,4.644819479225786
2022-10-24,6.009507828732697,4.805981197117943
2022-10-25,5.864399569213274,4.6950496854114645
2022-10-26,5.910263167331569,4.747971110923183
2022-10-27,5.915990721286673,4.744638429909283
2022-10-28,5.857656079016829,4.697285985853288
2022-10-31,5.657921951651766,4.581348186158736
2022-11-01,5.608889931458865,4.568697811927384
2022-11-02,5.754787104745506,4.635325788036667
2022-11-03,5.739548530742704,4.5952236453990425
2022-11-04,5.65311414438275,4.552989481454909
2022-11-07,5.763985599334519,4.666600837458403
2022-11-08,5.8206275422674,4.701561947238197
2022-11-09,5.610382009925237,4.595989989746425
2022-11-10,5.655693110654984,4.62449798108252
2022-11-11,5.68361197161262,4.5842154349351825
2022-11-14,5.6254260289361016,4.546271729427753
2022-11-15,5.78549294337926,4.606277889025347
2022-11-16,5.831643010726985,4.645128512522079
2022-11-17,6.029945941827653,4.741969941743657
2022-11-18,6.19283859673226,4.8316779058973065
2022-11-21,6.070876615135158,4.803803547524146
2022-11-22,6.064852427354213,4.762654463031111
2022-11-23,6.089724048886484,4.788475426547054
2022-11-24,6.136543507175791,4.834092141259907
2022-11-25,6.1977985122403885,4.868472448467052
2022-11-28,6.1609552416767865,4.875042137226327
2022-11-29,6.263873419424081,4.9145734885596575
2022-11-30,6.602569779572201,5.031364924766708
2022-12-01,6.8140029353071405,5.154023916639107
2022-12-02,6.70413790684979,5.1414324447101825
2022-12-05,6.773641425316548,5.207058142902127
2022-12-06,6.70939206858519,5.166809215649471
2022-12-07,6.702639772017537,5.177214457373211
2022-12-08,6.802032909508885,5.249635112304137
2022-12-09,6.726867888885672,5.208561603246797
2022-12-12,6.584907573247242,5.127096496786704
2022-12-13,6.509084117006065,5.086467251213136
2022-12-14,6.549530826505263,5.091810698852907
2022-12-15,6.356924273829815,4.96842581090067
2022-12-16,6.4632724480536305,5.0014242073537565
2022-12-19,6.2973505667938126,4.89178745304969
2022-12-20,6.231972263334871,4.928734061122894
2022-12-21,6.188121620131168,4.9153941437423905
2022-12-22,5.911390704010086,4.732406956463262
2022-12-23,6.010428049385051,4.811983705624881
2022-12-26,6.05181870676724,4.843853453501043
2022-12-27,6.121823904895155,4.868535446350836
2022-12-28,6.042358741933733,4.834569613800906
2022-12-29,5.942717468288876,4.804423661773907
2022-12-30,5.924716273245843,4.829726421690421
2023-01-02,5.927382214979383,4.849066438795908
2023-01-03,5.770086664750223,4.74546771918058
2023-01-04,5.9048137621322425,4.787943548962172
2023-01-05,5.785662417074673,4.740348265411053
2023-01-06,5.780620200356659,4.714737867081315
2023-01-09,5.807714912131484,4.71522158596784
2023-01-10,5.946559808480639,4.74809064580048
2023-01-11,5.851412197096115,4.728682254070588
2023-01-12,5.875613629532486,4.7006382376784535
2023-01-13,5.888993255457612,4.732361161150856
2023-01-16,5.77709433256278,4.658142589149234
2023-01-17,5.852766300473118,4.7058927248081455
2023-01-18,5.820316538802587,4.686667075426523
2023-01-19,5.788769023432534,4.696619774129115
2023-01-20,5.796071866448018,4.703000865824197
2023-01-23,5.828323381178413,4.709412528755762
2023-01-24,5.924675932828632,4.763343066544071
2023-01-25,6.011112109086785,4.827732756319403
2023-01-26,5.966165544929059,4.800641469740038
2023-01-27,6.039786901615118,4.85944449500189
2023-01-30,6.153907349348489,4.894444485078683
2023-01-31,6.206687093575767,4.911428948577621
2023-02-01,6.220352620627023,4.869023952003221
2023-02-02,6.252775364005537,4.845563085602467
2023-02-03,6.291355079570844,4.902613228295049
2023-02-06,6.174624707717536,4.845050364031504
2023-02-07,6.213465303425999,4.87666876350221
2023-02-08,6.094596830548304,4.798471741055956
2023-02-09,6.178387625191863,4.791474561090692
2023-02-10,6.170957412320276,4.800043548402519
2023-02-13,6.369225023021202,4.892567425291868
2023-02-14,6.276799721344058,4.891700424678933
2023-02-15,6.3227179077844164,4.916168471447825
2023-02-16,6.197038042228048,4.905762828605364
2023-02-17,5.971467395334902,4.763614716707214
2023-02-20,5.944630112147895,4.7377160665133875
2023-02-21,5.9253753881513695,4.733165981293425
2023-02-22,5.811287792344917,4.682866720333053
2023-02-23,5.928055615428539,4.727992741544712
2023-02-24,5.94171940493119,4.775620063062325
2023-02-27,5.899350800617793,4.720605911121053
2023-02-28,5.916921225499201,4.697050300814951
2023-03-01,5.831739576603505,4.6257133796824474
2023-03-02,5.798860928080859,4.58476620444384
2023-03-03,5.823816082423188,4.582629339872947
2023-03-06,5.787777677054285,4.572540513320902
2023-03-07,5.931547462963068,4.625721383798179
2023-03-08,5.962963989419152,4.645155760683859
2023-03-09,5.989468269714888,4.638653003471306
2023-03-10,5.972630869049067,4.627666025989408
2023-03-13,5.873659097201739,4.5745135067802805
2023-03-14,5.848239269861462,4.569907941616099
2023-03-15,5.911122388937167,4.571993306048539
2023-03-16,5.85978935868875,4.578806308303959
2023-03-17,5.853569585845159,4.551883606474584
2023-03-20,5.827960953792711,4.560024727580887
2023-03-21,6.028595057620199,4.660474611282045
2023-03-22,5.998974061491741,4.6403290613330705
2023-03-23,6.062136253591253,4.6886760785352894
2023-03-24,6.120159918923791,4.702962971578028
2023-03-27,6.065959165268392,4.669110746229256
2023-03-28,6.1805115383734055,4.711809790626173
2023-03-29,6.195771660061718,4.710602187410246
2023-03-30,6.360637605095085,4.823313509385275
2023-03-31,6.320402776407823,4.794958098406399
2023-04-03,6.420867786250764,4.850238565247505
2023-04-04,6.580425648184328,4.915164894023927
2023-04-05,6.612993535440632,5.007312396893957
2023-04-06,6.5750366370641435,5.007292226850914
2023-04-07,6.650177641165796,5.034561351567093
2023-04-10,6.59178414926393,5.0417669696158525
2023-04-11,6.4716753951361845,4.988888958179131
2023-04-12,6.53915113073372,5.014897336616044
2023-04-13,6.367024616677581,4.959417955288826
2023-04-14,6.622044029634649,5.054301300588632
2023-04-17,6.59580877548453,5.040982760526772
2023-04-18,6.498915975958806,5.023283137432773
2023-04-19,6.551274524576133,5.013942860699878
2023-04-20,6.412326496382621,4.966920202554596
2023-04-21,6.4563572935517035,4.994926290235514
2023-04-24,6.491596867745194,5.01788265812394
2023-04-25,6.566931803801741,5.037754279606644
2023-04-26,6.480197324071476,4.999774504769737
2023-04-27,6.636899570138464,5.059153992958204
2023-04-28,6.657403264259239,5.060518270576363
2023-05-01,6.5168461804450875,5.005599220822708
2023-05-02,6.340873074950663,4.917005382326571
2023-05-03,6.190395835549969,4.892653526468616
2023-05-04,6.16133162446237,4.917884945341918
2023-05-05,6.1906993443517635,4.988862339034784
2023-05-08,6.448476526693848,5.128547887975276
2023-05-09,6.412585720399591,5.0899479703396
2023-05-10,6.412331118229991,5.076024132006049
2023-05-11,6.515333742609101,5.115728814087835
2023-05-12,6.670099564043962,5.161188486841573
2023-05-15,6.613822735750329,5.073764710685893
2023-05-16,6.638105097006963,5.0701255200049795
2023-05-17,6.541060514893373,5.028886903008123
2023-05-18,6.581009507995533,5.0682286328122395
2023-05-19,6.652930674312396,5.094537790245453
2023-05-22,6.616141580977203,5.068670910317873
2023-05-23,6.573199519946733,5.037129241984849
2023-05-24,6.407576961527197,5.016015331119324
2023-05-25,6.274243867913756,4.966297061399165
2023-05-26,6.292520899502644,4.924417021746785
2023-05-29,6.430840239784754,5.046374131163311
2023-05-30,6.372579764798285,5.045866884144012
2023-05-31,6.302409256087945,5.023860102845804
2023-06-01,6.665917658419012,5.0958972219522085
2023-06-02,6.722691083916855,5.117114685343105
2023-06-05,6.699399523480256,5.151063349218732
2023-06-06,6.751468447174152,5.204681593189299
2023-06-07,6.687202307464951,5.222742269520487
2023-06-08,6.627565027855595,5.213702702642843
2023-06-09,6.595315809816282,5.195139270593236
2023-06-12,6.69414868713167,5.221028467968799
2023-06-13,6.715006079073032,5.230928768624164
2023-06-14,6.674682237949164,5.219528011763073
2023-06-15,6.790043456225227,5.234914814098199
2023-06-16,6.87888200830564,5.325019531359473
2023-06-19,6.860506986815718,5.268346766438174
2023-06-20,6.8759772482334975,5.257137103464492
2023-06-21,7.05542599502267,5.332641846403451
2023-06-22,7.040680569778979,5.315350309763374
2023-06-23,6.904093996406037,5.277962792816834
2023-06-26,6.911451312592314,5.344683518491105
2023-06-27,6.933518733092222,5.363728096627625
2023-06-28,7.0150797122839625,5.465605246745746
2023-06-29,6.9847052245039105,5.44971053529076
2023-06-30,6.995223263038514,5.454220941287494
2023-07-03,6.891477452786287,5.400717367572253
2023-07-04,6.976760175398626,5.422932077147678
2023-07-05,7.026227019395056,5.466814213448254
2023-07-06,7.038093950008209,5.438694461434931
2023-07-07,7.172287926781151,5.509611298807372
2023-07-10,7.190242215573779,5.543436416886145
2023-07-11,7.136562677719715,5.453379682629147
2023-07-12,6.9737773329260975,5.340356333918404
2023-07-13,7.068093231807768,5.358390778186181
2023-07-14,7.098620678983274,5.349432394117304
2023-07-17,7.109576290937119,5.308060707016927
2023-07-18,7.191603726529576,5.369627285558398
2023-07-19,7.221845033247761,5.35548226390064
2023-07-20,7.18947235853301,5.28752365110844
2023-07-21,7.128164076716229,5.265854800990606
2023-07-24,7.155359088815036,5.308060397675163
2023-07-25,7.008519122454267,5.210555746798967
2023-07-26,7.126008863304268,5.243583761670343
2023-07-27,7.161312972695062,5.202457079943315
2023-07-28,7.283576515833533,5.266920642978912
2023-07-31,7.305591901571729,5.289737959708159
2023-08-01,7.320678183461477,5.273577072336651
2023-08-02,7.221132092649672,5.211125691011701
2023-08-03,7.019162245189716,5.137197340094691
2023-08-04,7.050165736172863,5.1383791211129815
2023-08-07,6.923952997613741,5.077743961857672
2023-08-08,6.91765967660925,5.100099767680028
2023-08-09,6.967318492667489,5.106579487301795
2023-08-10,6.9930495399739705,5.114254386973533
2023-08-11,6.867024346739773,5.0470973917411435
2023-08-14,6.841222749293763,5.045395159506833
2023-08-15,6.748163891992164,4.986586965607751
2023-08-16,6.701304963563069,4.983799136546573
2023-08-17,6.755740984709135,5.0350204148953255
2023-08-18,6.834491593099628,5.106384856490194
2023-08-21,6.7372349899071775,5.103428184194183
2023-08-22,6.787341672610237,5.114865745406723
2023-08-23,6.717459365347772,5.115079569793413
2023-08-24,6.719896985378698,5.085941380606363
2023-08-25,6.651543687194528,5.039316752940861
2023-08-28,6.695313782926248,5.066233300296167
2023-08-29,6.629544356312928,5.025596420615472
